,name,count,pos
86,hard work,6,
182,work life,6,
272,long hours,5,
480,life balance,4,
1171,fast paced,4,
229,can not,3,
32,hours sometimes,3,
1258,co workers,3,
216,management team,3,
472,low pay,3,
22,hard get,3,
757,work hard,3,
336,secret shoppers,3,
769,2 years,3,
515,food runners,3,
820,stressful busy,3,
379,food running,3,
1209,per week,3,
79,pay unpredictable,2,
2040,lazy coworkers,2,
1257,lazy co,2,
596,serving position,2,
1179,menu items,2,
614,focus focus,2,
1909,add gratuity,2,
92,management know,2,
1314,constantly changing,2,
1431,large parties,2,
1426,white shirts,2,
936,minimum wage,2,
1732,side work,2,
2264,serving job,2,
837,work training,2,
1419,feels like,2,
279,times management,2,
1045,slow season,2,
2329,mystery shopper,2,
1787,every single,2,
2777,spill food,2,
2778,food shirt,2,
155,new hires,2,
2059,lot work,2,
904,get close,2,
1019,huge menu,2,
636,become manager,2,
134,difficult get,2,
1228,stressful environment,2,
2614,go get,2,
2613,table go,2,
321,two weeks,2,
877,stressful times,2,
322,weeks working,2,
1013,hours hard,2,
495,get control,2,
494,things get,2,
2276,day shifts,2,
332,food items,2,
333,items corporate,2,
1190,enough hours,2,
2811,getting stuck,2,
1391,high stress,2,
2230,issues management,2,
1973,triple sat,2,
1097,heavy lifting,2,
1985,implemented well,2,
1507,training program,2,
227,even though,2,
2688,look like,2,
1877,script talking,2,
790,short shifts,2,
1092,poor training,2,
39,sometimes get,2,
1876,follow script,2,
1473,short staffed,2,
1094,heavy plates,2,
2683,white button,2,
2684,button shirts,2,
792,host get,2,
451,ticket times,2,
1463,roll outs,2,
793,get tipped,2,
958,enough get,2,
1130,hard move,2,
431,problems kitchen,2,
2369,got points,2,
2370,points taken,2,
1534,cut early,2,
737,job also,2,
48,training done,2,
1446,high expectations,2,
238,5 work,2,
2528,background prepare,2,
2223,people work,2,
2529,prepare frustration,2,
1998,steps service,2,
380,running shifts,2,
783,sometimes many,2,
2867,start around,2,
381,shifts managers,2,
784,many employees,2,
1483,team members,2,
2012,team bussers,2,
2690,fine dining,2,
1990,well great,1,
1951,everyone really,1,
1955,helps anyone,1,
1989,others implemented,1,
1991,great training,1,
1954,never helps,1,
1953,lazy never,1,
1946,dishes wiping,1,
1948,table us,1,
1947,wiping table,1,
1993,however servers,1,
1950,pick everyone,1,
1992,program however,1,
1949,us pick,1,
1952,really lazy,1,
1956,anyone always,1,
1979,always super,1,
1957,always asks,1,
1970,become open,1,
1980,super hot,1,
1981,hot busy,1,
1982,busy hard,1,
1978,restaurant always,1,
1977,also restaurant,1,
1976,thing also,1,
1975,common thing,1,
1974,sat common,1,
1944,leave stack,1,
1972,getting triple,1,
1971,open getting,1,
1983,training programs,1,
1984,programs implemented,1,
1969,whenever become,1,
1958,asks others,1,
1968,tables whenever,1,
1967,empty tables,1,
1986,well locations,1,
1966,fill empty,1,
1987,locations well,1,
1965,people fill,1,
1964,seat people,1,
1963,know seat,1,
1962,hosts know,1,
1961,help hosts,1,
1960,things help,1,
1988,well others,1,
1959,others things,1,
1945,stack dishes,1,
0,gm attitude,1,
1943,even leave,1,
1890,service provide,1,
1882,mention get,1,
1883,get irritated,1,
1884,irritated times,1,
1885,times clientele,1,
1886,clientele awful,1,
1887,awful matter,1,
1888,matter good,1,
1889,good service,1,
1891,provide customers,1,
1942,bussers even,1,
1892,customers still,1,
1893,still get,1,
1894,get awful,1,
1895,awful tips,1,
1896,tips last,1,
1897,last restaurant,1,
1898,restaurant worked,1,
1899,worked would,1,
1881,annoying mention,1,
1880,extremely annoying,1,
1879,customers extremely,1,
1878,talking customers,1,
1859,entire menu,1,
1860,menu soon,1,
1861,soon start,1,
1862,start one,1,
1863,one biggest,1,
1864,biggest menus,1,
1865,menus ever,1,
1866,ever managers,1,
1867,managers never,1,
1868,never really,1,
1869,really help,1,
1870,help need,1,
1871,need understanding,1,
1872,understanding definitely,1,
1873,definitely show,1,
1874,show favoritism,1,
1875,favoritism follow,1,
1900,would always,1,
1901,always leave,1,
1902,leave 20,1,
1923,mention tip,1,
1925,awful absolutely,1,
1926,absolutely awful,1,
1927,awful tip,1,
1928,tip food,1,
1929,runners bussers,1,
1930,bussers bar,1,
1931,bar bussers,1,
1932,bussers literally,1,
1933,literally nothing,1,
1934,nothing servers,1,
1935,servers job,1,
1936,job clean,1,
1937,clean everything,1,
1938,everything tables,1,
1939,tables leave,1,
1940,leave cups,1,
1941,cups bussers,1,
1924,tip awful,1,
1995,required meet,1,
1903,20 tips,1,
1922,table mention,1,
1904,tips leave,1,
1905,leave around,1,
1906,around 10,1,
1907,10 bj,1,
1908,bj add,1,
1910,gratuity huge,1,
1911,huge parties,1,
1912,parties even,1,
1913,even group,1,
1914,group 20,1,
1915,20 people,1,
1916,people could,1,
1917,could possibly,1,
1918,possibly get,1,
1919,get nothing,1,
1920,nothing serving,1,
1921,serving table,1,
1994,servers required,1,
2017,performance act,1,
1996,meet quite,1,
2134,evolving company,1,
2114,6 depending,1,
2115,depending section,1,
2116,section could,1,
2117,could work,1,
2118,work 5,1,
2119,5 shifts,1,
2120,shifts per,1,
2121,week 7,1,
2122,7 hours,1,
2123,hours day,1,
2124,day strict,1,
2125,strict labor,1,
2126,labor rush,1,
2127,rush get,1,
2128,get sidework,1,
2129,sidework done,1,
2130,done stressful,1,
2131,busy nights,1,
2132,nights aloneconstantly,1,
2113,5 6,1,
2112,tip 5,1,
2111,high tip,1,
2100,liudly reimbursement,1,
2092,things gets,1,
2093,gets busy,1,
2094,busy things,1,
2095,control high,1,
2096,stress levels,1,
2097,levels expect,1,
2098,expect yell,1,
2099,yell liudly,1,
2101,reimbursement uniform,1,
2110,servers high,1,
2102,uniform expenses,1,
2103,expenses non,1,
2104,non slip,1,
2105,slip shoes,1,
2106,shoes wear,1,
2107,wear run,1,
2108,run quickly,1,
2109,quickly servers,1,
2133,aloneconstantly evolving,1,
2135,company due,1,
2090,always running,1,
2136,due rapid,1,
2159,unnatural never,1,
2160,never know,1,
2161,know secret,1,
2162,secret shopper,1,
2163,shopper must,1,
2164,must say,1,
2165,say entire,1,
2166,entire script,1,
2167,script every,1,
2168,single table,1,
2169,table often,1,
2170,often results,1,
2171,results awkward,1,
2172,awkward communication,1,
2173,communication irritated,1,
2174,irritated customers,1,
2175,customers etc,1,
2176,etc idea,1,
2177,idea monitor,1,
2158,scripted unnatural,1,
2157,experience scripted,1,
2156,entire experience,1,
2145,developing market,1,
2137,rapid expansion,1,
2138,expansion may,1,
2139,may excite,1,
2140,excite wanting,1,
2141,wanting easy,1,
2142,easy serving,1,
2143,position unless,1,
2144,unless developing,1,
2146,market hard,1,
2155,score entire,1,
2147,move management,1,
2148,management bj,1,
2149,bj secret,1,
2150,secret shops,1,
2151,shops order,1,
2152,order score,1,
2153,score 100,1,
2154,100 score,1,
2091,running things,1,
2089,workers always,1,
1997,quite steps,1,
2043,rules sometimes,1,
2022,sketchy paying,1,
2023,paying tips,1,
2024,tips unrealistic,1,
2025,unrealistic expectation,1,
2026,expectation cleaning,1,
2027,cleaning setting,1,
2028,setting tables,1,
2029,tables within,1,
2030,within two,1,
2031,two minutes,1,
2032,minutes regard,1,
2033,regard safety,1,
2034,safety terms,1,
2035,terms reducing,1,
2036,reducing stress,1,
2037,stress body,1,
2038,body busser,1,
2039,busser lazy,1,
2041,coworkers long,1,
2021,servers sketchy,1,
2020,bussers servers,1,
2019,like team,1,
2007,tired due,1,
1999,service table,1,
2000,table stressful,1,
2001,busy environment,1,
2002,environment managers,1,
2003,managers frequently,1,
2004,frequently lot,1,
2005,lot stress,1,
2006,stress tired,1,
2008,due long,1,
2018,act like,1,
2009,hours affect,1,
2010,affect whole,1,
2011,whole team,1,
2013,bussers team,1,
2014,team relied,1,
2015,relied self,1,
2016,self performance,1,
1857,expect memorize,1,
2042,many rules,1,
2044,sometimes staffed,1,
2088,items lazy,1,
2045,staffed music,1,
2069,rarely page,1,
2070,page anything,1,
2071,anything poor,1,
2072,training new,1,
2073,new employees,1,
2074,employees poor,1,
2075,poor performance,1,
2076,performance never,1,
2077,never reprimanded,1,
2078,reprimanded general,1,
2079,general culture,1,
2080,culture mediocrity,1,
2081,mediocrity within,1,
2082,within service,1,
2083,service staffkitchen,1,
2084,staffkitchen gets,1,
2085,gets crazy,1,
2086,crazy many,1,
2087,many menu,1,
2068,staff rarely,1,
2067,management staff,1,
2066,helm times,1,
2054,outsuper corporate,1,
2046,music loud,1,
2047,loud hot,1,
2048,hot restaurant,1,
2049,restaurant new,1,
2050,new still,1,
2051,still getting,1,
2052,getting kinks,1,
2053,kinks outsuper,1,
2055,corporate restaurant,1,
2065,people helm,1,
2056,restaurant crappy,1,
2057,crappy regulars,1,
2058,regulars lot,1,
2060,work bartender,1,
2061,bartender money,1,
2062,money put,1,
2063,put incompetent,1,
2064,incompetent people,1,
1858,memorize entire,1,
1831,long hard,1,
1856,priority expect,1,
1630,timesvery corporate,1,
1610,location wanted,1,
1611,wanted move,1,
1612,move several,1,
1613,several times,1,
1614,times ignored,1,
1615,ignored upsetting,1,
1616,upsetting worked,1,
1617,worked head,1,
1618,head hostess,1,
1619,hostess year,1,
1620,year many,1,
1621,employees individualized,1,
1622,individualized attention,1,
1623,attention hard,1,
1624,hard come,1,
1625,come bylower,1,
1626,bylower income,1,
1627,income guests,1,
1628,guests tip,1,
1609,former location,1,
1608,went former,1,
1607,reason went,1,
1596,locations moved,1,
1588,fair employees,1,
1589,employees working,1,
1590,working bj,1,
1591,bj year,1,
1592,year half,1,
1593,half wanted,1,
1594,wanted switch,1,
1595,switch locations,1,
1597,moved instead,1,
1606,good reason,1,
1598,instead handling,1,
1599,handling situation,1,
1600,situation professional,1,
1601,professional manner,1,
1602,manner management,1,
1603,management approve,1,
1604,approve give,1,
1605,give good,1,
1629,tip timesvery,1,
1631,corporate overall,1,
1586,reported harassment,1,
1632,overall feeling,1,
1655,people complain,1,
1656,complain service,1,
1657,service somewhat,1,
1658,somewhat unsteady,1,
1659,unsteady shifts,1,
1660,shifts angry,1,
1661,angry guests,1,
1662,guests first,1,
1663,first three,1,
1664,three years,1,
1665,years went,1,
1666,went four,1,
1667,four general,1,
1668,general managers,1,
1669,managers alone,1,
1670,alone corporate,1,
1671,corporate brought,1,
1672,brought manager,1,
1673,manager outside,1,
1654,explains people,1,
1653,unfortunately explains,1,
1652,people unfortunately,1,
1641,coming overall,1,
1633,feeling replaceable,1,
1634,replaceable important,1,
1635,important management,1,
1636,management worked,1,
1637,worked seems,1,
1638,seems frustrated,1,
1639,frustrated polices,1,
1640,polices coming,1,
1642,overall feelings,1,
1651,brightest people,1,
1643,feelings stressful,1,
1644,stressful fun,1,
1645,fun lot,1,
1646,lot things,1,
1647,things remember,1,
1648,remember corporate,1,
1649,corporate hire,1,
1650,hire brightest,1,
1587,harassment fair,1,
1585,could reported,1,
1855,1 priority,1,
1540,2 table,1,
1519,get longer,1,
1520,longer shifts,1,
1521,shifts take,1,
1522,take months,1,
1523,months restaurant,1,
1524,restaurant neither,1,
1525,neither upscale,1,
1526,upscale casual,1,
1527,casual get,1,
1528,get worst,1,
1529,worst worlds,1,
1530,worlds terms,1,
1531,terms customers,1,
1532,customers staff,1,
1533,staff cut,1,
1535,early leaving,1,
1536,leaving unrealistic,1,
1537,unrealistic section,1,
1538,section attend,1,
1518,money get,1,
1517,good money,1,
1516,make good,1,
1504,staff makes,1,
1496,always places,1,
1497,places blame,1,
1498,blame guests,1,
1499,guests stand,1,
1500,stand team,1,
1501,members hate,1,
1502,hate bullies,1,
1503,bullies staff,1,
1505,makes threats,1,
1515,unprepared make,1,
1506,threats training,1,
1508,program bit,1,
1509,bit fast,1,
1510,fast menu,1,
1511,menu large,1,
1512,large new,1,
1513,new servers,1,
1514,servers unprepared,1,
1539,attend 2,1,
1541,table section,1,
1584,point could,1,
1542,section weekend,1,
1565,high numbers,1,
1566,numbers people,1,
1567,people quitting,1,
1568,quitting management,1,
1569,management still,1,
1570,still currently,1,
1571,currently understaffed,1,
1572,understaffed location,1,
1573,location way,1,
1574,way since,1,
1575,since april,1,
1576,april costumers,1,
1577,costumers rudethe,1,
1578,rudethe training,1,
1579,training hands,1,
1580,hands managers,1,
1581,managers often,1,
1582,often unprofessional,1,
1583,unprofessional point,1,
1564,waves high,1,
1563,two waves,1,
1562,seen two,1,
1551,poorly corporate,1,
1543,weekend evenings,1,
1544,evenings due,1,
1545,due large,1,
1546,large staff,1,
1547,staff corporatemanagers,1,
1548,corporatemanagers seem,1,
1549,seem trained,1,
1550,trained poorly,1,
1552,corporate makes,1,
1561,quit seen,1,
1553,makes bad,1,
1554,bad managers,1,
1555,managers makes,1,
1556,makes mad,1,
1557,mad employees,1,
1558,employees lot,1,
1559,lot people,1,
1560,people quit,1,
1674,outside instead,1,
1675,instead internally,1,
1676,internally eventually,1,
1811,guaranteed especially,1,
1791,trust anyone,1,
1792,anyone high,1,
1793,high volume,1,
1794,volume prepared,1,
1795,prepared sweat,1,
1796,sweat hard,1,
1797,hard physical,1,
1798,physical work,1,
1799,work dealing,1,
1800,dealing public,1,
1801,public nice,1,
1802,nice everybody,1,
1803,everybody server,1,
1804,server hourly,1,
1805,hourly wage,1,
1806,wage states,1,
1807,states lame,1,
1808,lame cutthroat,1,
1809,cutthroat hours,1,
1790,really trust,1,
1789,person really,1,
1788,single person,1,
1776,steps servers,1,
1768,face make,1,
1769,make bartending,1,
1770,bartending serving,1,
1771,serving fun,1,
1772,fun awhile,1,
1773,awhile scripted,1,
1774,scripted service,1,
1775,service steps,1,
1777,servers cranky,1,
1786,please every,1,
1778,cranky get,1,
1779,get mad,1,
1780,mad either,1,
1781,either busy,1,
1782,busy busy,1,
1783,busy enough,1,
1784,enough hard,1,
1785,hard please,1,
1810,hours guaranteed,1,
1812,especially hosts,1,
1677,eventually manager,1,
1813,hosts business,1,
1836,forever complete,1,
1837,complete side,1,
1838,work rolling,1,
1839,rolling silverware,1,
1840,silverware leave,1,
1841,leave managers,1,
1842,managers unrealistic,1,
1843,unrealistic expectations,1,
1844,expectations working,1,
1845,working heck,1,
1846,heck time,1,
1847,time life,1,
1848,life working,1,
1849,working yet,1,
1850,yet managers,1,
1851,managers expect,1,
1852,expect make,1,
1853,make job,1,
1854,job 1,1,
1835,takes forever,1,
1834,hours takes,1,
1833,busy hours,1,
1822,turn thus,1,
1814,business slow,1,
1815,slow get,1,
1816,get cut,1,
1817,early long,1,
1818,hours crappy,1,
1819,crappy clientele,1,
1820,clientele high,1,
1821,high turn,1,
1823,thus servers,1,
1832,hard busy,1,
1824,servers gooddepending,1,
1825,gooddepending manager,1,
1826,manager difficult,1,
1827,difficult isprices,1,
1828,isprices expensive,1,
1829,expensive work,1,
1830,work long,1,
2179,employees jobs,1,
1767,guests face,1,
1766,programs guests,1,
1765,shoving programs,1,
1764,always shoving,1,
1700,would rude,1,
1701,rude working,1,
1702,working restaurant,1,
1703,restaurant customer,1,
1704,customer service,1,
1705,service job,1,
1706,job former,1,
1707,former server,1,
1708,server many,1,
1709,many restaurants,1,
1710,restaurants considered,1,
1711,considered restaurant,1,
1712,restaurant particularly,1,
1713,particularly challenging,1,
1714,challenging environment,1,
1715,environment perhaps,1,
1716,perhaps store,1,
1717,store found,1,
1718,found management,1,
1699,customers would,1,
1698,sometimes customers,1,
1697,busy sometimes,1,
1686,atmosphere always,1,
1678,manager promoted,1,
1679,promoted slow,1,
1680,slow days,1,
1681,days leave,1,
1682,leave 15,1,
1683,15 dollars,1,
1684,dollars corporate,1,
1685,corporate atmosphere,1,
1687,always feel,1,
1696,crazy busy,1,
1688,feel edge,1,
1689,edge workpoor,1,
1690,workpoor communication,1,
1691,communication unless,1,
1692,unless hispanic,1,
1693,hispanic weekends,1,
1694,weekends get,1,
1695,get crazy,1,
1719,team lacking,1,
1720,lacking several,1,
1721,several areas,1,
1754,tier workers,1,
1746,feedback hard,1,
1747,work lots,1,
1748,lots heavy,1,
1749,lifting walking,1,
1750,walking competing,1,
1751,competing demands,1,
1752,demands lower,1,
1753,lower tier,1,
1755,workers tend,1,
1744,consistent positive,1,
1756,tend get,1,
1757,get short,1,
1758,short end,1,
1759,end stick,1,
1760,stick servers,1,
1761,servers prized,1,
1762,prized corporate,1,
1763,corporate always,1,
1745,positive feedback,1,
1743,despite consistent,1,
1722,areas communication,1,
1731,amount side,1,
1723,communication organization,1,
1724,organization consistency,1,
1725,consistency km,1,
1726,km particularly,1,
1727,particularly difficult,1,
1728,difficult person,1,
1729,person work,1,
1730,work amount,1,
1733,work sometimes,1,
1742,company despite,1,
1734,sometimes overwhelming,1,
1735,overwhelming difficult,1,
1736,difficult shift,1,
1737,shift addition,1,
1738,addition next,1,
1739,next impossible,1,
1740,impossible move,1,
1741,move company,1,
2178,monitor employees,1,
2205,fast pace,1,
2180,jobs good,1,
2686,want us,1,
2664,runner makes,1,
2665,makes much,1,
2666,much smoother,1,
2667,smoother shift,1,
2668,shift lazy,1,
2669,lazy food,1,
2670,runners make,1,
2671,make crash,1,
2672,crash burn,1,
2673,burn many,1,
2674,many us,1,
2675,us tip,1,
2676,tip extra,1,
2677,extra would,1,
2678,would depend,1,
2679,depend culture,1,
2680,culture restaurant,1,
2681,restaurant really,1,
2682,really white,1,
2663,food runner,1,
2662,great food,1,
2661,work great,1,
2650,weekly food,1,
2642,check guest,1,
2643,guest needs,1,
2644,needs ray,1,
2645,ray anch,1,
2646,anch every,1,
2647,every server,1,
2648,server scheduled,1,
2649,scheduled weekly,1,
2651,running shift,1,
2660,dread lot,1,
2652,shift exceptions,1,
2653,exceptions get,1,
2654,tipped get,1,
2655,get paid,1,
2656,paid server,1,
2657,server wage,1,
2658,wage people,1,
2659,people dread,1,
2685,shirts want,1,
2687,us look,1,
2640,close another,1,
2689,like fine,1,
2713,key stack,1,
2714,stack plates,1,
2715,plates belly,1,
2716,belly button,1,
2717,button nose,1,
2718,nose haul,1,
2719,haul back,1,
2720,back dish,1,
2721,dish end,1,
2722,end spots,1,
2723,spots food,1,
2724,food getting,1,
2725,getting rid,1,
2726,rid get,1,
2727,get home,1,
2728,home everyone,1,
2729,everyone leaves,1,
2730,leaves looking,1,
2731,looking like,1,
2712,consolidation key,1,
2711,restaurant consolidation,1,
2710,make restaurant,1,
2699,used black,1,
2691,dining fine,1,
2692,dining sports,1,
2693,sports bar,1,
2694,bar brewhouse,1,
2695,brewhouse shaped,1,
2696,shaped like,1,
2697,like restaurant,1,
2698,restaurant used,1,
2700,black shirts,1,
2709,trips make,1,
2701,shirts end,1,
2702,end shift,1,
2703,shift white,1,
2704,shirts look,1,
2705,like slob,1,
2706,slob number,1,
2707,number extra,1,
2708,extra trips,1,
2641,another check,1,
2639,need close,1,
2733,rolled around,1,
2592,need manager,1,
2572,mine anyway,1,
2573,anyway guest,1,
2574,guest close,1,
2575,close recombine,1,
2576,recombine extra,1,
2577,extra bev,1,
2578,bev ticket,1,
2579,ticket prevent,1,
2580,prevent locked,1,
2581,locked get,1,
2582,get one,1,
2583,one ticket,1,
2584,ticket want,1,
2585,want another,1,
2586,another drink,1,
2587,drink option,1,
2588,option recombine,1,
2589,recombine everything,1,
2590,everything means,1,
2571,earlier mine,1,
2570,leave earlier,1,
2569,needy leave,1,
2558,dinner going,1,
2550,server ask,1,
2551,ask tricks,1,
2552,tricks got,1,
2553,got 6,1,
2554,6 tables,1,
2555,tables one,1,
2556,one lunch,1,
2557,lunch dinner,1,
2559,going need,1,
2568,one needy,1,
2560,need answer,1,
2561,answer separate,1,
2562,separate extra,1,
2563,extra ticket,1,
2564,ticket bev,1,
2565,bev process,1,
2566,process payment,1,
2567,payment one,1,
2591,means need,1,
2593,manager every,1,
2638,sat need,1,
2594,every last,1,
2619,splenda sweetener,1,
2620,sweetener table,1,
2621,get orders,1,
2622,orders tortilla,1,
2623,tortilla soup,1,
2624,soup come,1,
2625,come spoon,1,
2626,spoon bowl,1,
2627,bowl served,1,
2628,served drop,1,
2629,drop table,1,
2630,table soup,1,
2631,soup comes,1,
2632,comes common,1,
2633,common items,1,
2634,items suck,1,
2635,suck lot,1,
2636,lot time,1,
2637,time triple,1,
2618,wants splenda,1,
2617,tea wants,1,
2616,unsweet tea,1,
2603,money reflect,1,
2595,last order,1,
2596,order hard,1,
2597,hard serve,1,
2598,serve bj,1,
2599,bj compared,1,
2600,compared restaurants,1,
2601,restaurants sometimes,1,
2602,sometimes money,1,
2604,reflect much,1,
2615,get unsweet,1,
2605,much extra,1,
2606,extra work,1,
2607,work guest,1,
2608,guest orders,1,
2609,orders something,1,
2610,something fries,1,
2611,fries ketchup,1,
2612,ketchup table,1,
2732,like rolled,1,
2734,around kitchen,1,
2181,good executed,1,
2872,late enough,1,
2851,timessome minor,1,
2852,minor issues,1,
2853,management always,1,
2854,always ensure,1,
2855,ensure enough,1,
2856,hours coworker,1,
2857,coworker drama,1,
2858,drama uniforms,1,
2859,uniforms awfulthe,1,
2860,awfulthe hours,1,
2861,hours get,1,
2862,get somewhat,1,
2863,somewhat annoying,1,
2864,annoying day,1,
2865,shifts usually,1,
2866,usually start,1,
2868,around eleven,1,
2869,eleven early,1,
2870,early also,1,
2850,understaffed timessome,1,
2849,paced understaffed,1,
2848,environment fast,1,
2837,lots roll,1,
2829,location leaves,1,
2830,leaves restaurant,1,
2831,restaurant struggling,1,
2832,struggling cover,1,
2833,cover someone,1,
2834,someone hurt,1,
2835,hurt sick,1,
2836,sick lots,1,
2838,outs take,1,
2847,manager stressful,1,
2839,take place,1,
2840,place without,1,
2841,without much,1,
2842,much time,1,
2843,time properly,1,
2844,properly execute,1,
2845,execute bad,1,
2846,bad manager,1,
2871,also late,1,
2873,get much,1,
2827,many managers,1,
2874,much done,1,
2897,though sitting,1,
2898,sitting around,1,
2899,around waiting,1,
2900,waiting shift,1,
2901,shift really,1,
2902,really picky,1,
2903,picky timing,1,
2904,timing full,1,
2905,full time,1,
2906,time student,1,
2907,student free,1,
2908,free time,1,
2909,time scarce,1,
2910,scarce hence,1,
2911,hence complaining,1,
2912,complaining able,1,
2913,able things,1,
2914,things days,1,
2915,days scheduled,1,
2896,seems though,1,
2895,day seems,1,
2894,plans day,1,
2883,night shifts,1,
2875,done shift,1,
2876,shift time,1,
2877,time get,1,
2878,get day,1,
2879,day night,1,
2880,night look,1,
2881,look forward,1,
2882,forward night,1,
2884,shifts get,1,
2893,making plans,1,
2885,get annoying,1,
2886,annoying start,1,
2887,around four,1,
2888,four pm,1,
2889,pm timing,1,
2890,timing shifts,1,
2891,shifts stops,1,
2892,stops making,1,
2828,managers location,1,
2826,necessary many,1,
2735,kitchen floor,1,
2780,nice shirt,1,
2758,issue worst,1,
2759,worst part,1,
2760,part job,1,
2761,job honestly,1,
2762,honestly feel,1,
2763,feel also,1,
2764,also wear,1,
2765,wear little,1,
2766,little boy,1,
2767,boy size,1,
2768,size large,1,
2769,large white,1,
2770,shirts women,1,
2771,women 20,1,
2772,20 30,1,
2773,30 bucks,1,
2774,bucks plus,1,
2775,plus refuse,1,
2776,refuse spill,1,
2757,shirt issue,1,
2756,magnified shirt,1,
2755,wrinkle magnified,1,
2744,come non,1,
2736,floor spill,1,
2737,spill tea,1,
2738,tea instand,1,
2739,instand wet,1,
2740,wet shirt,1,
2741,shirt contest,1,
2742,contest girls,1,
2743,girls come,1,
2745,non neutral,1,
2754,sillies wrinkle,1,
2746,neutral underclothes,1,
2747,underclothes color,1,
2748,color sent,1,
2749,sent home,1,
2750,home granted,1,
2751,granted would,1,
2752,would fault,1,
2753,fault sillies,1,
2779,shirt nice,1,
2781,shirt even,1,
2825,working necessary,1,
2782,even react,1,
2805,self esteem,1,
2806,esteem nobody,1,
2807,nobody remember,1,
2808,remember birthday,1,
2809,birthday digress,1,
2810,digress getting,1,
2812,stuck one,1,
2813,one location,1,
2814,location minimum,1,
2815,minimum 2,1,
2816,years unable,1,
2817,unable relocate,1,
2818,relocate moving,1,
2819,moving difficult,1,
2820,difficult late,1,
2821,late hours,1,
2822,hours occasionally,1,
2823,occasionally getting,1,
2824,stuck working,1,
2804,poor self,1,
2803,rejection poor,1,
2802,depression rejection,1,
2791,time shirt,1,
2783,react spill,1,
2784,shirt date,1,
2785,date anymore,1,
2786,anymore like,1,
2787,like oh,1,
2788,oh look,1,
2789,look well,1,
2790,well time,1,
2792,shirt looked,1,
2801,eeyore depression,1,
2793,looked great,1,
2794,great hour,1,
2795,hour hope,1,
2796,hope white,1,
2797,white shirt,1,
2798,shirt makes,1,
2799,makes channel,1,
2800,channel eeyore,1,
2549,experienced server,1,
2548,find experienced,1,
2547,separated find,1,
2318,guest calorie,1,
2298,service little,1,
2299,little tedious,1,
2300,tedious gss,1,
2301,gss annoying,1,
2302,annoying corporate,1,
2303,corporate rules,1,
2304,rules make,1,
2305,make serving,1,
2306,serving guests,1,
2307,guests difficult,1,
2308,difficult times,1,
2309,times always,1,
2310,always afraid,1,
2311,afraid shopped,1,
2312,shopped something,1,
2313,something good,1,
2314,good benefitsi,1,
2315,benefitsi trained,1,
2316,trained inform,1,
2297,control steps,1,
2296,guests control,1,
2295,kitchen guests,1,
2284,job hours,1,
2275,average day,1,
2277,shifts terrible,1,
2278,terrible lots,1,
2279,lots people,1,
2280,work uneducated,1,
2281,uneducated hard,1,
2282,hard working,1,
2283,working serving,1,
2285,hours bad,1,
2294,naturally problems,1,
2286,bad pay,1,
2287,unpredictable management,1,
2288,management quick,1,
2289,quick blame,1,
2290,blame employees,1,
2291,employees extremely,1,
2292,extremely fast,1,
2293,paced naturally,1,
2317,inform guest,1,
2319,calorie changes,1,
2273,hectic money,1,
2320,changes substitution,1,
2344,granted ask,1,
2345,ask made,1,
2346,made selections,1,
2347,selections already,1,
2348,already told,1,
2349,told wanted,1,
2350,wanted minutes,1,
2351,minutes look,1,
2352,look menu,1,
2353,menu also,1,
2354,also trained,1,
2355,trained offer,1,
2356,offer hand,1,
2357,hand crafted,1,
2358,crafted rootbeer,1,
2359,rootbeer going,1,
2360,going offer,1,
2361,offer alcoholic,1,
2362,alcoholic beverage,1,
2343,fired granted,1,
2342,got fired,1,
2341,something got,1,
2330,shopper turn,1,
2321,substitution made,1,
2322,made enlightened,1,
2323,enlightened dishes,1,
2324,dishes accidently,1,
2325,accidently insulted,1,
2326,insulted guest,1,
2327,guest turned,1,
2328,turned mystery,1,
2331,turn lied,1,
2340,written something,1,
2332,lied review,1,
2333,review believe,1,
2334,believe get,1,
2335,get back,1,
2336,back thinking,1,
2337,thinking would,1,
2338,would get,1,
2339,get written,1,
2274,money average,1,
2272,managers hectic,1,
2546,check separated,1,
2225,nice pay,1,
2204,customers fast,1,
1494,reaponsibilty anything,1,
2206,pace demanding,1,
2207,demanding job,1,
2208,job l,1,
2209,l feel,1,
2210,feel stressed,1,
2211,stressed busy,1,
2212,busy night,1,
2213,night day,1,
2214,day management,1,
2215,management customers,1,
2216,customers ridiculous,1,
2217,ridiculous goals,1,
2218,goals cooperate,1,
2219,cooperate touch,1,
2220,touch woth,1,
2221,woth realitysome,1,
2222,realitysome people,1,
2203,upsets customers,1,
2202,matter upsets,1,
2201,timely matter,1,
2190,need sell,1,
2182,executed another,1,
2183,another way,1,
2184,way also,1,
2185,also multiple,1,
2186,multiple things,1,
2187,things hosts,1,
2188,hosts servers,1,
2189,servers need,1,
2191,sell customer,1,
2200,wrong timely,1,
2192,customer feels,1,
2193,like people,1,
2194,people redundant,1,
2195,redundant pushy,1,
2196,pushy food,1,
2197,food sometimes,1,
2198,sometimes come,1,
2199,come wrong,1,
2224,work nice,1,
2226,pay bad,1,
2271,rude managers,1,
2227,bad minimum,1,
2251,foremost ends,1,
2252,ends going,1,
2253,going cut,1,
2254,cut labor,1,
2255,labor corporate,1,
2256,corporate forced,1,
2257,forced follow,1,
2258,talking guests,1,
2259,guests list,1,
2260,list policies,1,
2261,policies become,1,
2262,become overwhelmingfor,1,
2263,overwhelmingfor serving,1,
2265,job really,1,
2266,really much,1,
2267,much say,1,
2268,say thats,1,
2269,thats negative,1,
2270,negative rude,1,
2250,first foremost,1,
2249,growers first,1,
2248,sales growers,1,
2237,people always,1,
2228,wage person,1,
2229,person issues,1,
2231,management already,1,
2232,already loves,1,
2233,loves anything,1,
2234,anything rude,1,
2235,rude reason,1,
2236,reason people,1,
2238,always job,1,
2247,talking sales,1,
2239,job lazyabsolutely,1,
2240,lazyabsolutely consideration,1,
2241,consideration quality,1,
2242,quality life,1,
2243,life every,1,
2244,every meeting,1,
2245,meeting starts,1,
2246,starts talking,1,
2363,beverage judgment,1,
2364,judgment based,1,
2365,based time,1,
2500,3 2013,1,
2480,managers giving,1,
2481,giving conflicting,1,
2482,conflicting directions,1,
2483,directions constantly,1,
2484,changing menu,1,
2485,menu promotions,1,
2486,promotions hard,1,
2487,hard keep,1,
2488,keep dealing,1,
2489,dealing drunk,1,
2490,drunk belligerent,1,
2491,belligerent guests,1,
2492,guests manager,1,
2493,manager like,1,
2494,like schedule,1,
2495,schedule undesirable,1,
2496,undesirable longer,1,
2497,longer add,1,
2498,gratuity large,1,
2479,multiple managers,1,
2478,pick multiple,1,
2477,slack pick,1,
2466,hours staffed,1,
2458,extremely high,1,
2459,expectations can,1,
2460,not always,1,
2461,always delivered,1,
2462,delivered fast,1,
2463,paced stressful,1,
2464,stressful peak,1,
2465,peak hours,1,
2467,staffed high,1,
2476,lot slack,1,
2468,high management,1,
2469,management relocation,1,
2470,relocation hard,1,
2471,hard develop,1,
2472,develop strong,1,
2473,strong relationship,1,
2474,relationship lazy,1,
2475,coworkers lot,1,
2499,parties 3,1,
2501,2013 secret,1,
2366,time day,1,
2502,shoppers vacation,1,
2525,bj coming,1,
2526,coming aloha,1,
2527,aloha background,1,
2530,frustration coming,1,
2531,coming micros,1,
2532,micros background,1,
2533,frustration luckily,1,
2534,luckily little,1,
2535,little tricky,1,
2536,tricky ways,1,
2537,ways around,1,
2538,around common,1,
2539,common hang,1,
2540,hang ups,1,
2541,ups like,1,
2542,like reprint,1,
2543,reprint send,1,
2544,send orders,1,
2545,orders check,1,
2524,specific bj,1,
2523,software specific,1,
2522,based software,1,
2511,texas prepare,1,
2503,vacation pay,1,
2504,pay sucks,1,
2505,sucks bartendersonly,1,
2506,bartendersonly make,1,
2507,make 2,1,
2508,2 13,1,
2509,13 hr,1,
2510,hr texas,1,
2512,prepare sure,1,
2521,micros based,1,
2513,sure wonderful,1,
2514,wonderful experience,1,
2515,experience apply,1,
2516,apply work,1,
2517,work bj,1,
2518,bj posi,1,
2519,posi system,1,
2520,system micros,1,
2457,weekends extremely,1,
2456,awful weekends,1,
2455,organization awful,1,
2454,position organization,1,
2391,food still,1,
2392,still got,1,
2393,taken kept,1,
2394,kept table,1,
2395,table extended,1,
2396,extended periods,1,
2397,periods time,1,
2398,time interfering,1,
2399,interfering quality,1,
2400,quality service,1,
2401,service tables,1,
2402,tables supposed,1,
2403,supposed interfere,1,
2404,interfere service,1,
2405,service mystery,1,
2406,shopper bad,1,
2407,bad day,1,
2408,day trained,1,
2409,trained actually,1,
2390,boxing food,1,
2389,done boxing,1,
2388,taken done,1,
2377,still table,1,
2367,day etc,1,
2368,etc got,1,
2371,taken said,1,
2372,said offer,1,
2373,offer appetizer,1,
2374,appetizer dessert,1,
2375,dessert plates,1,
2376,plates still,1,
2378,table ready,1,
2387,plates taken,1,
2379,ready leave,1,
2380,leave took,1,
2381,took two,1,
2382,two bites,1,
2383,bites dish,1,
2384,dish asked,1,
2385,asked box,1,
2386,box plates,1,
2410,actually wrong,1,
2411,wrong single,1,
2412,single mom,1,
2444,duties got,1,
2436,manager handle,1,
2437,handle pressure,1,
2438,pressure left,1,
2439,left always,1,
2440,always short,1,
2441,staffed kept,1,
2442,kept giving,1,
2443,giving duties,1,
2445,got paid,1,
2434,customers angry,1,
2446,paid supervisor,1,
2447,supervisor blamed,1,
2448,blamed mistakes,1,
2449,mistakes fellow,1,
2450,fellow co,1,
2451,workers higher,1,
2452,higher lower,1,
2453,lower position,1,
2435,angry become,1,
2433,deal customers,1,
2413,mom without,1,
2422,rent couple,1,
2414,without job,1,
2415,job support,1,
2416,support daughter,1,
2417,daughter idea,1,
2418,idea going,1,
2419,going pay,1,
2420,pay daycare,1,
2421,daycare rent,1,
2423,couple weeks,1,
2432,going deal,1,
2424,weeks cons,1,
2425,cons many,1,
2426,many management,1,
2427,management horrible,1,
2428,horrible unapproachable,1,
2429,unapproachable stressed,1,
2430,stressed know,1,
2431,know going,1,
1495,anything always,1,
1458,items many,1,
1493,takes reaponsibilty,1,
471,advancement low,1,
499,really good,1,
500,good extremely,1,
501,extremely poor,1,
502,poor customers,1,
503,customers mean,1,
504,mean unnecessary,1,
505,unnecessary people,1,
506,people know,1,
507,know serve,1,
508,serve cooks,1,
509,cooks terrribletip,1,
510,terrribletip high,1,
511,high bussers,1,
512,bussers bartenders,1,
513,bartenders amp,1,
514,amp food,1,
516,runners increased,1,
517,increased 5,1,
518,work staff,1,
498,either really,1,
497,management either,1,
496,control management,1,
483,public easy,1,
474,irregular hourslong,1,
475,hourslong ticket,1,
476,times food,1,
477,food mistakes,1,
478,mistakes kitchenwork,1,
479,kitchenwork life,1,
481,balance lowdealing,1,
482,lowdealing public,1,
484,easy overwhelming,1,
493,environments things,1,
485,overwhelming expectations,1,
486,expectations absolutely,1,
487,absolutely work,1,
488,life balancefast,1,
489,balancefast paced,1,
490,paced like,1,
491,like fast,1,
492,fast environments,1,
519,staff never,1,
520,never increased,1,
521,increased improved,1,
553,care world,1,
545,expendable management,1,
546,management would,1,
547,would even,1,
548,even tell,1,
549,tell us,1,
550,us replaceable,1,
551,replaceable kitchen,1,
552,kitchen care,1,
554,world sure,1,
543,appreciated employees,1,
555,sure turn,1,
556,turn rate,1,
557,rate see,1,
558,see even,1,
559,even kitchen,1,
560,kitchen manager,1,
561,manager lost,1,
562,lost confused,1,
544,employees expendable,1,
542,never appreciated,1,
522,improved slow,1,
531,many times,1,
523,slow bad,1,
524,bad clientele,1,
525,clientele many,1,
526,many bogos,1,
527,bogos management,1,
528,management appreciate,1,
529,appreciate hard,1,
530,work many,1,
532,times would,1,
541,sick never,1,
533,would stay,1,
534,stay work,1,
535,work double,1,
536,double shift,1,
537,shift come,1,
538,come someone,1,
539,someone called,1,
540,called sick,1,
473,pay irregular,1,
470,limited advancement,1,
564,far organized,1,
469,tips limited,1,
404,room advancement,1,
405,advancement even,1,
406,though advertise,1,
407,advertise easy,1,
408,easy cross,1,
409,cross train,1,
410,train departments,1,
411,departments though,1,
412,though interested,1,
413,interested never,1,
414,never staff,1,
415,staff meetings,1,
416,meetings discuss,1,
417,discuss problems,1,
418,problems new,1,
419,new food,1,
420,food anything,1,
421,anything really,1,
422,really problems,1,
403,lot room,1,
402,unfortunate lot,1,
401,rewarded unfortunate,1,
390,playing favorites,1,
382,managers come,1,
383,come go,1,
384,go rather,1,
385,rather quickly,1,
386,quickly care,1,
387,care anything,1,
388,anything numbers,1,
389,numbers playing,1,
391,favorites major,1,
400,always rewarded,1,
392,major issue,1,
393,issue even,1,
394,even u,1,
395,u work,1,
396,work really,1,
397,really hard,1,
398,hard ur,1,
399,ur always,1,
423,problems never,1,
424,never get,1,
425,get resolved,1,
459,management place,1,
450,weekends ticket,1,
452,times unbelievable,1,
453,unbelievable times,1,
454,times quite,1,
455,quite often,1,
456,often kitchen,1,
457,kitchen crashes,1,
458,crashes management,1,
460,place forced,1,
448,especially nights,1,
461,forced work,1,
462,work overtime,1,
463,overtime replacement,1,
464,replacement timeangry,1,
465,timeangry customers,1,
466,customers get,1,
467,get anywhereno,1,
468,anywhereno tips,1,
449,nights weekends,1,
447,kitchen especially,1,
426,resolved issues,1,
436,location need,1,
427,issues remain,1,
428,remain indefinitely,1,
429,indefinitely major,1,
430,major problems,1,
432,kitchen heard,1,
433,heard almost,1,
434,almost every,1,
435,every location,1,
437,need train,1,
446,workers kitchen,1,
438,train kitchen,1,
439,kitchen workers,1,
440,workers better,1,
441,better longer,1,
442,longer also,1,
443,also need,1,
444,need schedule,1,
445,schedule workers,1,
563,confused far,1,
565,organized would,1,
377,ambition mandatory,1,
657,good understaffed,1,
681,restaurantnot best,1,
682,best pay,1,
683,pay pthe,1,
684,pthe management,1,
685,management respect,1,
686,respect needs,1,
687,needs wants,1,
688,wants employees,1,
689,employees scheduling,1,
690,scheduling sometimes,1,
691,sometimes posted,1,
692,posted day,1,
693,day two,1,
694,two may,1,
695,may work,1,
696,work customers,1,
697,customers generally,1,
698,generally extremely,1,
699,extremely picky,1,
680,energy restaurantnot,1,
679,positive energy,1,
678,dilute positive,1,
667,set schedules,1,
659,sums right,1,
660,right folks,1,
661,folks management,1,
662,management undergoing,1,
663,undergoing changes,1,
664,changes neglectful,1,
665,neglectful peoples,1,
666,peoples set,1,
668,schedules much,1,
677,hires dilute,1,
669,much cons,1,
670,cons perhaps,1,
671,perhaps bad,1,
672,bad thing,1,
673,thing noticed,1,
674,noticed make,1,
675,make bad,1,
676,bad hires,1,
700,picky often,1,
701,often times,1,
702,times much,1,
734,money labor,1,
726,problems understaffed,1,
727,understaffed big,1,
728,big rushes,1,
729,rushes people,1,
730,people leave,1,
731,leave early,1,
732,early save,1,
733,save money,1,
735,labor cost,1,
724,lot scheduling,1,
736,cost job,1,
738,also get,1,
739,get extremely,1,
740,extremely stressful,1,
741,stressful managers,1,
742,managers handle,1,
743,handle wellpoor,1,
744,wellpoor management,1,
725,scheduling problems,1,
723,want lot,1,
703,much rude,1,
712,never legal,1,
704,rude cheap,1,
705,cheap places,1,
706,places worked,1,
707,worked also,1,
708,also 4,1,
709,4 05,1,
710,05 hour,1,
711,hour never,1,
713,legal pay,1,
722,guest want,1,
714,pay rate,1,
715,rate without,1,
716,without tips,1,
717,tips sometimes,1,
718,sometimes management,1,
719,management sucks,1,
720,sucks side,1,
721,side guest,1,
658,understaffed sums,1,
656,foods good,1,
566,would cause,1,
655,good foods,1,
589,ways bjs,1,
590,bjs simply,1,
591,simply intruding,1,
592,intruding income,1,
593,income working,1,
594,working obtain,1,
595,obtain serving,1,
597,position never,1,
598,never promoted,1,
599,promoted 8,1,
600,8 months,1,
601,months hostess,1,
602,hostess dont,1,
603,dont like,1,
604,like taking,1,
605,taking trash,1,
606,trash ill,1,
607,ill whatever,1,
608,whatever pays,1,
588,part ways,1,
587,decided part,1,
586,tips decided,1,
575,orders taking,1,
567,cause problem,1,
568,problem floor,1,
569,floor customers,1,
570,customers getting,1,
571,getting correct,1,
572,correct complete,1,
573,complete orders,1,
574,orders orders,1,
576,taking hour,1,
585,servers tips,1,
577,hour sometimes,1,
578,sometimes even,1,
579,even made,1,
580,made turn,1,
581,turn taking,1,
582,taking money,1,
583,money away,1,
584,away servers,1,
609,pays main,1,
610,main challenge,1,
611,challenge working,1,
645,ignored one,1,
637,manager work,1,
638,balance pretty,1,
639,pretty bad,1,
640,bad food,1,
641,food sub,1,
642,sub par,1,
643,par sometimes,1,
644,get ignored,1,
646,one many,1,
634,product managment,1,
647,many thousands,1,
648,thousands work,1,
649,work bjspoor,1,
650,bjspoor organization,1,
651,organization inconsiderate,1,
652,inconsiderate managementtips,1,
653,managementtips arent,1,
654,arent good,1,
635,managment become,1,
633,inconsistent product,1,
612,working ummm,1,
622,unfriendly mangers,1,
613,ummm focus,1,
615,focus amp,1,
616,amp hurts,1,
617,hurts think,1,
618,think stressful,1,
619,stressful work,1,
620,work place,1,
621,place unfriendly,1,
623,mangers opened,1,
632,time inconsistent,1,
624,opened many,1,
625,many stores,1,
626,stores quickly,1,
627,quickly follow,1,
628,follow values,1,
629,values cheapened,1,
630,cheapened product,1,
631,product time,1,
378,mandatory food,1,
376,experience ambition,1,
1492,never takes,1,
96,customers difficult,1,
120,almost rest,1,
121,rest periodworking,1,
122,periodworking power,1,
123,power hour,1,
124,hour feel,1,
125,feel worth,1,
126,worth timesdepends,1,
127,timesdepends location,1,
128,location work,1,
129,work also,1,
130,also gratuity,1,
131,gratuity inconsistent,1,
132,inconsistent scheduling,1,
133,scheduling difficult,1,
135,get raises,1,
136,raises hourly,1,
137,hourly paid,1,
138,paid employees,1,
139,employees often,1,
119,lead almost,1,
118,scheduling lead,1,
117,job scheduling,1,
106,many things,1,
98,deal expected,1,
99,expected uncontrollable,1,
100,uncontrollable terrible,1,
101,terrible clients,1,
102,clients gratuity,1,
103,gratuity included,1,
104,included among,1,
105,among many,1,
107,things going,1,
116,liking job,1,
108,going home,1,
109,home 3am,1,
110,3am sucks,1,
111,sucks lots,1,
112,lots employee,1,
113,employee tend,1,
114,tend leave,1,
115,leave liking,1,
140,often miscommunication,1,
141,miscommunication complete,1,
142,complete lack,1,
175,structure loose,1,
167,disorganization way,1,
168,way things,1,
169,things learn,1,
170,learn work,1,
171,work around,1,
172,around disorganized,1,
173,disorganized management,1,
174,management structure,1,
176,loose rules,1,
165,tend snap,1,
177,rules difficult,1,
178,difficult depending,1,
179,depending coworkerslong,1,
180,coworkerslong hours,1,
181,hours work,1,
183,life balancemoney,1,
184,balancemoney lack,1,
185,lack silverware,1,
166,snap disorganization,1,
164,times tend,1,
143,lack communication,1,
152,trained employees,1,
144,communication managers,1,
145,managers new,1,
146,new managers,1,
147,managers get,1,
148,get hired,1,
149,hired without,1,
150,without fully,1,
151,fully trained,1,
153,employees train,1,
163,negative times,1,
154,train new,1,
156,hires increase,1,
157,increase payfood,1,
158,payfood running,1,
159,running get,1,
160,get boring,1,
161,boring servers,1,
162,servers negative,1,
97,difficult deal,1,
95,positions customers,1,
187,lack glassware,1,
94,time positions,1,
25,hours way,1,
26,way much,1,
27,much work,1,
28,work payno,1,
29,payno tips,1,
30,tips hostesslong,1,
31,hostesslong hours,1,
33,sometimes enough,1,
34,enough staff,1,
35,staff causes,1,
36,causes stress,1,
37,stress employees,1,
38,employees hours,1,
40,get stuck,1,
41,stuck crappy,1,
42,crappy shiftsome,1,
43,shiftsome guests,1,
44,guests low,1,
45,low tippersdisorganized,1,
24,40 hours,1,
23,get 40,1,
21,low hard,1,
10,page managers,1,
2,shared amongst,1,
3,amongst managers,1,
4,managers staff,1,
5,staff sometimes,1,
6,sometimes harsh,1,
7,harsh attitudescorporate,1,
8,attitudescorporate management,1,
9,management page,1,
11,managers condescending,1,
20,jobs low,1,
12,condescending inapropriate,1,
13,inapropriate refuse,1,
14,refuse give,1,
15,give consistent,1,
16,consistent schedule,1,
17,schedule hourly,1,
18,hourly rate,1,
19,rate jobs,1,
46,tippersdisorganized times,1,
47,times training,1,
49,done correctly,1,
82,uneven work,1,
73,back house,1,
74,house serverstypical,1,
75,serverstypical restaurant,1,
76,restaurant downfalls,1,
77,downfalls inconsistent,1,
78,inconsistent pay,1,
80,unpredictable schedule,1,
81,schedule uneven,1,
83,work load,1,
71,fights management,1,
84,load micromanagement,1,
85,micromanagement hard,1,
87,work get,1,
88,get rewarded,1,
89,rewarded brown,1,
90,brown nosing,1,
91,nosing management,1,
93,know time,1,
72,management back,1,
70,lots fights,1,
50,correctly frustrating,1,
59,need timeno,1,
51,frustrating trying,1,
52,trying lower,1,
53,lower costs,1,
54,costs much,1,
55,much possible,1,
56,possible run,1,
57,run supplies,1,
58,supplies need,1,
60,timeno teamwork,1,
69,unfair lots,1,
61,teamwork management,1,
62,management unorganized,1,
63,unorganized managers,1,
64,managers got,1,
65,got personal,1,
66,personal definitely,1,
67,definitely favorites,1,
68,favorites unfair,1,
186,silverware lack,1,
188,glassware low,1,
375,losers experience,1,
283,labor hours,1,
307,scheduling coworkers,1,
308,coworkers often,1,
309,often scheduled,1,
310,scheduled double,1,
311,double shifts,1,
312,shifts without,1,
313,without break,1,
314,break time,1,
315,time constant,1,
316,constant turnover,1,
317,turnover people,1,
318,people would,1,
319,would put,1,
320,put two,1,
323,working week,1,
324,week due,1,
325,due lack,1,
326,lack money,1,
327,money made,1,
306,awful scheduling,1,
305,management awful,1,
304,bad management,1,
293,hostile work,1,
285,huge thing,1,
286,thing management,1,
287,management puts,1,
288,puts work,1,
289,work every,1,
290,every one,1,
291,one else,1,
292,else hostile,1,
294,work environment,1,
303,mall bad,1,
295,environment bad,1,
296,bad tippers,1,
297,tippers due,1,
298,due particular,1,
299,particular location,1,
300,location apart,1,
301,apart outdoor,1,
302,outdoor mall,1,
328,made heavy,1,
329,heavy focas,1,
330,focas pitching,1,
365,leave teamwork,1,
357,set hours,1,
358,hours guarantee,1,
359,guarantee check,1,
360,check every,1,
361,every two,1,
362,working tips,1,
363,tips hard,1,
364,hard leave,1,
366,teamwork managers,1,
355,server schedule,1,
367,managers hold,1,
368,hold employees,1,
369,employees accountable,1,
370,accountable anything,1,
371,anything hire,1,
372,hire anyone,1,
373,anyone even,1,
374,even losers,1,
356,schedule set,1,
354,life server,1,
331,pitching food,1,
343,tipsthe customers,1,
334,corporate interference,1,
335,interference secret,1,
337,shoppers sent,1,
338,sent regularly,1,
339,regularly slow,1,
340,slow times,1,
341,times low,1,
342,low tipsthe,1,
344,customers quite,1,
353,respectedno life,1,
345,quite rude,1,
346,rude sometimes,1,
347,sometimes goes,1,
348,goes everywhere,1,
349,everywhere supposegrueling,1,
350,supposegrueling work,1,
351,work schedule,1,
352,schedule respectedno,1,
284,hours huge,1,
282,horrible labor,1,
189,low stock,1,
281,scheduling horrible,1,
212,tell something,1,
213,something different,1,
214,different nothing,1,
215,nothing management,1,
217,team immature,1,
218,immature management,1,
219,management listen,1,
220,listen need,1,
221,need change,1,
222,change availability,1,
223,availability schedule,1,
224,schedule work,1,
225,work time,1,
226,time even,1,
228,though can,1,
230,not work,1,
231,work lunch,1,
232,lunch shift,1,
233,shift get,1,
211,manager tell,1,
210,every manager,1,
209,desire every,1,
198,great health,1,
190,stock items,1,
191,items need,1,
192,need motivate,1,
193,motivate peoplemanagement,1,
194,peoplemanagement always,1,
195,always top,1,
196,top things,1,
197,things great,1,
199,health benefits,1,
208,hours desire,1,
200,benefits part,1,
201,part time,1,
202,time employee,1,
203,employee loyalty,1,
204,loyalty favoritism,1,
205,favoritism makes,1,
206,makes difficult,1,
207,get hours,1,
234,get horrible,1,
235,horrible hours,1,
236,hours 3,1,
269,schedule new,1,
261,hot schedules,1,
262,schedules asking,1,
263,asking question,1,
264,question never,1,
265,never respondmanagement,1,
266,respondmanagement time,1,
267,time sucked,1,
268,sucked schedule,1,
270,new ppl,1,
259,message manager,1,
271,ppl long,1,
273,hours left,1,
274,left responsibilities,1,
275,responsibilities last,1,
276,last person,1,
277,person annoying,1,
278,annoying times,1,
280,know scheduling,1,
260,manager hot,1,
258,posted message,1,
237,3 5,1,
247,people morning,1,
239,work dinner,1,
240,dinner get,1,
241,get 6,1,
242,6 hours,1,
243,hours instead,1,
244,instead making,1,
245,making equal,1,
246,equal people,1,
248,morning get,1,
257,week posted,1,
249,get screwed,1,
250,screwed lack,1,
251,lack good,1,
252,good training,1,
253,training idea,1,
254,idea schedule,1,
255,schedule following,1,
256,following week,1,
745,management work,1,
746,work withhigh,1,
747,withhigh quality,1,
1215,new open,1,
1240,game terms,1,
1241,terms handling,1,
1242,handling guests,1,
1243,guests like,1,
1244,like saying,1,
1245,saying poor,1,
1246,poor management,1,
1247,management low,1,
1248,low moralehard,1,
1249,moralehard move,1,
1250,move hard,1,
1251,work might,1,
1252,might always,1,
1253,always seen,1,
1254,seen recognized,1,
1255,recognized management,1,
1256,management lazy,1,
1259,workers inconsistent,1,
1260,inconsistent accountability,1,
1239,definitely game,1,
1238,guests definitely,1,
1237,unpleasant guests,1,
1225,trays drink,1,
1217,contradict menus,1,
1218,menus change,1,
1219,change lot,1,
1220,lot huge,1,
1221,menu difficult,1,
1222,difficult remember,1,
1223,remember big,1,
1224,big trays,1,
1226,drink traysit,1,
1236,handle unpleasant,1,
1227,traysit stressful,1,
1229,environment sometimes,1,
1230,sometimes faced,1,
1231,faced paced,1,
1232,paced work,1,
1233,life especially,1,
1234,especially know,1,
1235,know handle,1,
1261,accountability management,1,
1262,team lots,1,
1263,lots changes,1,
1295,people need,1,
1287,2 1,1,
1288,1 2,1,
1289,years move,1,
1290,move host,1,
1291,host server,1,
1292,server corporatethe,1,
1293,corporatethe amount,1,
1294,amount people,1,
1296,need tip,1,
1285,time took,1,
1297,tip end,1,
1298,end night,1,
1299,night get,1,
1300,get little,1,
1301,little ridiculous,1,
1302,ridiculous weekend,1,
1303,weekend shifts,1,
1304,managers joked,1,
1286,took 2,1,
1284,long time,1,
1264,changes home,1,
1273,breaks set,1,
1265,home office,1,
1266,office constantly,1,
1267,constantly lack,1,
1268,lack standards,1,
1269,standards everyone,1,
1270,everyone equally,1,
1271,equally time,1,
1272,time breaks,1,
1274,set time,1,
1283,takes long,1,
1275,time leave,1,
1276,leave expect,1,
1277,expect called,1,
1278,called early,1,
1279,early daysdifficult,1,
1280,daysdifficult advance,1,
1281,advance often,1,
1282,often takes,1,
1216,open contradict,1,
1214,trainers new,1,
1306,unprofessionally times,1,
1213,insurancenational trainers,1,
1146,management really,1,
1147,really listenedrigorous,1,
1148,listenedrigorous training,1,
1149,training process,1,
1150,process management,1,
1151,management hardly,1,
1152,hardly enforces,1,
1153,enforces remember,1,
1154,remember customer,1,
1155,customer always,1,
1156,always right,1,
1157,right regardless,1,
1158,regardless situation,1,
1159,situation always,1,
1160,always busy,1,
1161,busy everyone,1,
1162,everyone always,1,
1163,always angryno,1,
1164,angryno cons,1,
1145,like management,1,
1144,felt like,1,
1143,never felt,1,
1132,positions sometimes,1,
1123,tipshigh chance,1,
1124,chance unprofessional,1,
1125,unprofessional management,1,
1126,management high,1,
1127,high turnover,1,
1128,turnover rates,1,
1129,rates hard,1,
1131,move positions,1,
1133,sometimes poor,1,
1142,time never,1,
1134,poor tipsbeing,1,
1135,tipsbeing able,1,
1136,able get,1,
1137,get time,1,
1138,time blacked,1,
1139,blacked days,1,
1140,days request,1,
1141,request time,1,
1165,cons unless,1,
1166,unless used,1,
1167,used working,1,
1202,scheduling low,1,
1194,denied pick,1,
1195,pick extra,1,
1196,extra shiftsexcessive,1,
1197,shiftsexcessive hours,1,
1198,hours low,1,
1199,low payrate,1,
1200,payrate internalsterrible,1,
1201,internalsterrible scheduling,1,
1203,pay slow,1,
1192,scheduled always,1,
1204,slow promotion,1,
1205,promotion less,1,
1206,less 20,1,
1207,20 hours,1,
1208,hours per,1,
1210,week avoid,1,
1211,avoid offer,1,
1212,offer insurancenational,1,
1193,always denied,1,
1191,hours scheduled,1,
1168,working service,1,
1178,knowledge menu,1,
1169,service industry,1,
1170,industry fast,1,
1172,paced memorize,1,
1173,memorize lot,1,
1174,lot information,1,
1175,information must,1,
1176,must full,1,
1177,full knowledge,1,
1180,corporate standards,1,
1189,balance enough,1,
1181,standards big,1,
1182,big cons,1,
1183,cons typical,1,
1184,typical restaurant,1,
1185,restaurant atmosphere,1,
1186,atmosphere long,1,
1187,hours good,1,
1188,good work,1,
1305,joked unprofessionally,1,
1307,times nothing,1,
748,quality work,1,
1398,meet hourly,1,
1423,care restaurant,1,
1424,restaurant employees,1,
1425,employees white,1,
1427,shirts serving,1,
1428,serving protection,1,
1429,protection serving,1,
1430,serving large,1,
1432,parties allow,1,
1433,allow automatic,1,
1434,automatic added,1,
1435,added gratuity,1,
1436,gratuity health,1,
1437,health insurance,1,
1438,insurance requirements,1,
1439,requirements met,1,
1440,met majority,1,
1441,majority employees,1,
1442,employees work,1,
1443,work managers,1,
1422,leaders care,1,
1421,corporate leaders,1,
1420,like corporate,1,
1408,demanding expected,1,
1400,quota per,1,
1401,week qualify,1,
1402,qualify nothing,1,
1403,nothing ordinary,1,
1404,ordinary large,1,
1405,large tables,1,
1406,tables hectic,1,
1407,hectic demanding,1,
1409,expected lot,1,
1418,corporate feels,1,
1410,lot servers,1,
1411,servers reduce,1,
1412,reduce amount,1,
1413,amount hours,1,
1414,hours pick,1,
1415,pick bad,1,
1416,bad daysvery,1,
1417,daysvery corporate,1,
1444,managers exhaustion,1,
1445,exhaustion high,1,
1447,expectations tools,1,
1481,complaints guests,1,
1472,little short,1,
1474,staffed currentlyhorrible,1,
1475,currentlyhorrible general,1,
1476,general manager,1,
1477,manager corporate,1,
1478,corporate care,1,
1479,care many,1,
1480,many complaints,1,
1482,guests team,1,
1470,hard advance,1,
1484,members man,1,
1485,man business,1,
1486,business running,1,
1487,running restaurant,1,
1488,restaurant fudges,1,
1489,fudges numbers,1,
1490,numbers lies,1,
1491,lies never,1,
1471,advance little,1,
1469,overtime hard,1,
1448,tools available,1,
1457,free items,1,
1449,available meet,1,
1450,meet backbone,1,
1451,backbone guests,1,
1452,guests people,1,
1453,people lie,1,
1454,lie complain,1,
1455,complain get,1,
1456,get free,1,
1,attitude shared,1,
1468,management overtime,1,
1459,many changes,1,
1460,changes little,1,
1461,little notice,1,
1462,notice roll,1,
1464,outs poorly,1,
1465,poorly executed,1,
1466,executed horrible,1,
1467,horrible management,1,
1399,hourly quota,1,
1397,hard meet,1,
1308,nothing super,1,
1396,makes hard,1,
1332,weekends short,1,
1333,short staff,1,
1334,staff enough,1,
1335,enough people,1,
1336,people weekendsvery,1,
1337,weekendsvery restaurant,1,
1338,restaurant politic,1,
1339,politic managers,1,
1340,managers paid,1,
1341,paid attention,1,
1342,attention girl,1,
1343,girl servers,1,
1344,servers flirted,1,
1345,flirted follow,1,
1346,follow suit,1,
1347,suit schedule,1,
1348,schedule could,1,
1349,could suffer,1,
1350,suffer greatly,1,
1331,prepared weekends,1,
1330,intimidatingnever prepared,1,
1329,shifts intimidatingnever,1,
1318,work withmanagement,1,
1309,super inappropriate,1,
1310,inappropriate mostly,1,
1311,mostly unnecessary,1,
1312,unnecessary menu,1,
1313,menu constantly,1,
1315,changing management,1,
1316,management difficult,1,
1317,difficult work,1,
1319,withmanagement arrogant,1,
1328,shifts food,1,
1320,arrogant snobby,1,
1321,snobby play,1,
1322,play favoritism,1,
1323,favoritism favortism,1,
1324,favortism working,1,
1325,working way,1,
1326,way lunch,1,
1327,lunch shifts,1,
1351,greatly company,1,
1352,company expanding,1,
1353,expanding going,1,
1385,breaks locations,1,
1377,summer job,1,
1378,job challenging,1,
1379,challenging time,1,
1380,time mainly,1,
1381,mainly week,1,
1382,week management,1,
1383,management makes,1,
1384,makes breaks,1,
1386,locations constant,1,
1375,25 week,1,
1387,constant movement,1,
1388,movement late,1,
1389,late shifts,1,
1390,shifts high,1,
1392,stress lack,1,
1393,lack benefits,1,
1394,benefits short,1,
1395,shifts makes,1,
1376,week summer,1,
1374,maybe 25,1,
1354,going changes,1,
1363,deal people,1,
1355,changes making,1,
1356,making company,1,
1357,company care,1,
1358,care employees,1,
1359,employees challenging,1,
1360,challenging stressful,1,
1361,times job,1,
1362,also deal,1,
1364,people struggle,1,
1373,hours maybe,1,
1365,struggle stay,1,
1366,stay sane,1,
1367,sane tips,1,
1368,tips far,1,
1369,far expected,1,
1370,expected host,1,
1371,get lot,1,
1372,lot hours,1,
1122,based tipshigh,1,
1121,income based,1,
1120,work income,1,
845,everybody work,1,
869,succeed food,1,
870,food knowledge,1,
871,knowledge takes,1,
872,takes couple,1,
873,couple months,1,
874,months really,1,
875,really get,1,
876,get stressful,1,
878,times busy,1,
879,busy gets,1,
880,gets one,1,
881,one time,1,
882,time 16,1,
883,16 tables,1,
884,tables thought,1,
885,thought losing,1,
886,losing mind,1,
887,mind nightmares,1,
888,nightmares stressed,1,
868,floor succeed,1,
867,put floor,1,
866,hired put,1,
855,seafood pasta,1,
847,ton food,1,
848,items know,1,
849,know massive,1,
850,massive selection,1,
851,selection burgers,1,
852,burgers pizza,1,
853,pizza sandwiches,1,
854,sandwiches seafood,1,
856,pasta etc,1,
865,first hired,1,
857,etc 150,1,
858,150 items,1,
859,items 60,1,
860,60 beers,1,
861,beers 20,1,
862,20 wines,1,
863,wines hard,1,
864,hard first,1,
889,stressed server,1,
890,server still,1,
891,still gratuity,1,
924,schedulei worked,1,
916,time suuuuuuper,1,
917,suuuuuuper fast,1,
918,fast employee,1,
919,employee turnover,1,
920,turnover ratepoor,1,
921,ratepoor flexibility,1,
922,flexibility work,1,
923,work schedulei,1,
925,worked year,1,
914,months less,1,
926,year part,1,
927,part opening,1,
928,opening staff,1,
929,staff every,1,
930,every time,1,
931,time asked,1,
932,asked denied,1,
933,denied raise,1,
915,less time,1,
913,6 months,1,
892,gratuity gotten,1,
901,management moves,1,
893,gotten stiffed,1,
894,stiffed multiple,1,
895,multiple 100,1,
896,100 tabs,1,
897,tabs simply,1,
898,simply guests,1,
899,guests cheap,1,
900,cheap management,1,
902,moves lot,1,
912,stay 6,1,
903,lot hard,1,
905,close managers,1,
906,managers transferred,1,
907,transferred bj,1,
908,bj area,1,
909,area seems,1,
910,seems like,1,
911,like stay,1,
846,hard ton,1,
844,meaning everybody,1,
1119,paylong hours,1,
843,managers meaning,1,
773,communicate well,1,
774,well get,1,
775,get bad,1,
776,bad shifts,1,
777,shifts clock,1,
778,clock long,1,
779,long make,1,
780,make much,1,
781,much money,1,
782,money sometimes,1,
785,employees low,1,
786,pay disorganized,1,
787,disorganized unprofessional,1,
788,unprofessional managers,1,
789,managers short,1,
791,shifts host,1,
794,tipped servers,1,
795,servers restaurants,1,
796,restaurants also,1,
772,timemanagement communicate,1,
771,downfalls timemanagement,1,
770,years downfalls,1,
758,hard continue,1,
749,work always,1,
750,always noticed,1,
751,noticed top,1,
752,top dogs,1,
753,dogs verbalize,1,
754,verbalize appreciation,1,
755,appreciation expected,1,
756,expected work,1,
759,continue working,1,
768,inconsistent 2,1,
760,working hard,1,
761,hard restaurant,1,
762,restaurant attract,1,
763,attract best,1,
764,best crowd,1,
765,crowd therefore,1,
766,therefore money,1,
767,money inconsistent,1,
797,also kind,1,
798,kind annoying,1,
799,annoying first,1,
832,closing time,1,
824,much training,1,
825,done hard,1,
826,hard learn,1,
827,learn beginning,1,
828,beginning things,1,
829,things picked,1,
830,picked onlate,1,
831,onlate closing,1,
833,time means,1,
822,time daynot,1,
834,means long,1,
835,long nights,1,
836,nights work,1,
838,training kitchen,1,
839,kitchen difficult,1,
840,difficult restaurants,1,
841,restaurants extra,1,
842,extra managers,1,
823,daynot much,1,
821,busy time,1,
800,first couple,1,
809,deposit right,1,
801,couple paychecks,1,
802,paychecks given,1,
803,given money,1,
804,money card,1,
805,card can,1,
806,not sign,1,
807,sign direct,1,
808,direct deposit,1,
810,right away,1,
819,really stressful,1,
811,away hard,1,
812,hard hostess,1,
813,hostess even,1,
814,even considered,1,
815,considered move,1,
816,move waiter,1,
817,waiter waitress,1,
818,waitress really,1,
934,raise solid,1,
935,solid minimum,1,
937,wage absolutely,1,
938,absolutely consistency,1,
1053,season almost,1,
1054,almost three,1,
1055,three months,1,
1056,months straight,1,
1057,straight hard,1,
1058,hard live,1,
1059,live biggest,1,
1060,biggest disappointment,1,
1061,disappointment disparity,1,
1062,disparity pay,1,
1063,pay hired,1,
1064,hired location,1,
1065,location first,1,
1066,first opened,1,
1067,opened pretty,1,
1068,pretty good,1,
1069,good rate,1,
1070,rate pay,1,
1071,pay year,1,
1052,shifts slow,1,
1051,3 shifts,1,
1050,2 3,1,
1038,competively vs,1,
1030,turnoverdevelopment non,1,
1031,non existent,1,
1032,existent work,1,
1033,balance strained,1,
1034,strained pay,1,
1035,pay employees,1,
1036,employees hourly,1,
1037,hourly competively,1,
1039,vs industry,1,
1049,recieved 2,1,
1040,industry benefits,1,
1041,benefits non,1,
1042,non management,1,
1043,management horridwhen,1,
1044,horridwhen slow,1,
1046,season get,1,
1047,close hours,1,
1048,hours recieved,1,
1072,year jumped,1,
1073,jumped rate,1,
1074,rate new,1,
1109,consistently carrying,1,
1101,food always,1,
1102,always hot,1,
1103,hot get,1,
1104,get burned,1,
1105,burned full,1,
1106,full hands,1,
1107,hands motto,1,
1108,motto consistently,1,
1110,carrying walking,1,
1099,general plates,1,
1111,walking around,1,
1112,around whole,1,
1113,whole restaurant,1,
1114,restaurant heavy,1,
1115,plates work,1,
1116,hard possible,1,
1117,possible minimalist,1,
1118,minimalist paylong,1,
1100,plates food,1,
1098,lifting general,1,
1075,hires however,1,
1084,working two,1,
1076,however adjust,1,
1077,adjust pay,1,
1078,pay making,1,
1079,making almost,1,
1080,almost 2,1,
1081,2 less,1,
1082,less hour,1,
1083,hour working,1,
1085,two years,1,
1096,lot heavy,1,
1086,years new,1,
1087,new high,1,
1088,high school,1,
1089,school grad,1,
1090,grad month,1,
1091,month poor,1,
1093,training heavy,1,
1095,plates lot,1,
1029,lots turnoverdevelopment,1,
1028,circumstances lots,1,
1027,matter circumstances,1,
970,share servers,1,
962,people fun,1,
963,fun server,1,
964,server income,1,
965,income always,1,
966,always sameservers,1,
967,sameservers receive,1,
968,receive benefit,1,
969,benefit share,1,
971,servers employees,1,
960,college studentsome,1,
972,employees unpaid,1,
973,unpaid mealsdoesn,1,
974,mealsdoesn pay,1,
975,pay bills,1,
976,bills hard,1,
977,hard body,1,
978,body heart,1,
979,heart u,1,
961,studentsome people,1,
959,get college,1,
981,let get,1,
947,none great,1,
939,consistency scheduling,1,
940,scheduling told,1,
941,told would,1,
942,would work,1,
943,work school,1,
944,school schedule,1,
945,schedule lie,1,
946,lie none,1,
948,great place,1,
957,term enough,1,
949,place worknot,1,
950,worknot good,1,
951,good looking,1,
952,looking make,1,
953,make lot,1,
954,lot money,1,
955,money long,1,
956,long term,1,
980,u let,1,
982,get bust,1,
1026,shoppers matter,1,
1015,make decent,1,
1006,customers servers,1,
1007,servers managerslots,1,
1008,managerslots servers,1,
1009,servers hard,1,
1010,get shiftsnot,1,
1011,shiftsnot many,1,
1012,many hours,1,
1014,hard make,1,
1016,decent amount,1,
1004,hours rude,1,
1017,amount money,1,
1018,money huge,1,
1020,menu frustrating,1,
1021,frustrating try,1,
1022,try learntoo,1,
1023,learntoo based,1,
1024,based numbers,1,
1025,numbers secret,1,
1005,rude customers,1,
1003,presenceslow hours,1,
983,bust butt,1,
992,employees always,1,
984,butt trying,1,
985,trying make,1,
986,make tip,1,
987,tip money,1,
988,money demanding,1,
989,demanding never,1,
990,never enough,1,
991,enough employees,1,
993,always need,1,
1002,corporate presenceslow,1,
994,need moremicromanagement,1,
995,moremicromanagement time,1,
996,time general,1,
997,general negative,1,
998,negative attitude,1,
999,attitude employees,1,
1000,employees strong,1,
1001,strong corporate,1,
2916,scheduled work,1,
